o_id,o_long,o_lat,d_id,d_long,d_lat
o1,77.54834914,12.99680009,d1,77.55413715,12.99522503
o2,77.55582006,13.00908225,d2,77.57045823,12.99568966
o3,77.57632496,13.01463047,d3,77.58361597,13.00918838
o4,77.5648482,12.99012143,d4,77.55131579,12.98857012
o5,77.59052906,12.99234009,d5,77.59846923,12.98828889
